{
    "prepare_queue": {
        "installed": [],
        "uninstalled": []
    },
    "config_munge": {
        "files": {
            "config.xml": {
                "parents": {
                    "/*": [
                        {
                            "xml": "<feature name=\"Battery\"><param name=\"ios-package\" value=\"CDVBattery\" /></feature>",
                            "count": 1
                        }
                    ]
                }
            }
        }
    },
    "installed_plugins": {
        "cordova-plugin-whitelist": {
            "PACKAGE_NAME": "io.cordova.hellocordova"
        },
        "cordova-plugin-battery-status": {
            "PACKAGE_NAME": "io.cordova.hellocordova"
        }
    },
    "dependent_plugins": {},
    "modules": [
        {
            "id": "cordova-plugin-battery-status.battery",
            "file": "plugins/cordova-plugin-battery-status/www/battery.js",
            "pluginId": "cordova-plugin-battery-status",
            "clobbers": [
                "navigator.battery"
            ]
        }
    ],
    "plugin_metadata": {
        "cordova-plugin-whitelist": "1.3.2",
        "cordova-plugin-battery-status": "1.2.3"
    }
}